<application>
  <component name="CodeFoldingSettings">
    <option name="COLLAPSE_IMPORTS" value="false" />
    <option name="COLLAPSE_FILE_HEADER" value="false" />
  </component>
  <component name="CodeInsightSettings">
    <option name="HIGHLIGHT_SCOPE" value="true" />
    <option name="ADD_UNAMBIGIOUS_IMPORTS_ON_THE_FLY" value="true" />
  </component>
  <component name="DefaultFont">
    <option name="FONT_REGULAR_SUB_FAMILY" value="Regular" />
    <option name="FONT_BOLD_SUB_FAMILY" value="Bold" />
    <option name="LINE_SPACING" value="1.1" />
    <option name="USE_LIGATURES" value="true" />
    <option name="SECONDARY_FONT_FAMILY" value="Fira Code" />
  </component>
  <component name="EditorSettings">
    <option name="REFRAIN_FROM_SCROLLING" value="true" />
  </component>
  <component name="InlayHintsSettings">
    <option name="lastViewedProviderKeyId" value="parameter.hints.old" />
  </component>
  <component name="JavaCodeFoldingSettings">
    <option name="collapseConstructorGenericParameters" value="false" />
    <option name="collapseLambdas" value="false" />
    <option name="collapseOneLineMethods" value="false" />
  </component>
</application>